ID,Тип,Родитель,Проект,Поток,Задача,Начало,Срок,Исполнители,Статус,Приоритет,Зависит от,Critical path
GEN-G01,Задача,,common,LEGAL & FINANCE,Регулярные встречи и контроль плана,2026-10-07,2027-01-20,"u-armen, u-vladimir, u-karina, u-artur",todo,medium,,
GEN-83,Подзадача,GEN-G01,common,LEGAL & FINANCE,"Ежедневная планёрка команды (по будням, 15 минут)",2026-10-07,2027-01-20,"u-armen, u-vladimir, u-karina",todo,medium,,
GEN-84,Подзадача,GEN-G01,common,LEGAL & FINANCE,Еженедельный статус с Artur (60 минут),2026-10-07,2027-01-20,"u-armen, u-artur",todo,medium,,
GEN-85,Подзадача,GEN-G01,common,BRAND & MARKETING,Еженедельная встреча по бренду и маркетингу,2026-10-07,2027-01-20,"u-vladimir, u-karina, u-armen",todo,medium,,
GEN-86,Подзадача,GEN-G01,common,SPACE & BUILD,Планёрка на объектах: подрядчики и дизайнер интерьера (2 раза в неделю),2026-10-08,2026-12-23,u-armen,todo,medium,,
GEN-87,Подзадача,GEN-G01,common,LEGAL & FINANCE,Еженедельное обновление плана и статусов в портале (пятница),2026-10-09,2027-01-20,u-armen,todo,medium,,
GEN-88,Подзадача,GEN-G01,common,LEGAL & FINANCE,Ежемесячный обзор бюджета и финмодели (Armen + Artur),2026-10-30,2026-12-31,"u-armen, u-artur",todo,high,,
GEN-89,Подзадача,GEN-G01,common,LEGAL & FINANCE,Ревью готовности перед запусками (за 7 и за 2 дня),2026-10-30,2027-01-13,"u-armen, u-artur",todo,high,,
GEN-G02,Задача,,common,LEGAL & FINANCE,"Юрлица, договоры, бухгалтерия и банк",2026-09-29,2026-10-14,u-armen,in_progress,high,,
GEN-03,Подзадача,GEN-G02,common,LEGAL & FINANCE,Нотариус / оформление документов,2026-09-28,2026-09-28,u-armen,done,medium,,
GEN-02,Подзадача,GEN-G02,common,LEGAL & FINANCE,Подписание договоров по объектам,2026-09-28,2026-09-28,u-armen,done,critical,,да
GEN-01,Подзадача,GEN-G02,common,LEGAL & FINANCE,Проверка договорных ограничений по помещениям,2026-09-24,2026-09-28,u-armen,done,medium,,
GEN-04,Подзадача,GEN-G02,common,LEGAL & FINANCE,Регистрация / запуск юрлиц,2026-10-06,2026-10-09,u-armen,in_progress,critical,,да
GEN-05,Подзадача,GEN-G02,common,LEGAL & FINANCE,"Бухгалтерия: бухгалтер / аутсорс, налоговый режим",2026-09-29,2026-10-07,u-armen,in_progress,medium,,
GEN-06,Подзадача,GEN-G02,common,LEGAL & FINANCE,Банковские счета и платёжные инструменты,2026-10-09,2026-10-14,u-armen,todo,medium,GEN-04,
GEN-G03,Задача,,common,LEGAL & FINANCE,"Разрешения, лицензии и требования",2026-10-06,2026-12-10,u-armen,in_progress,high,,
GEN-08,Подзадача,GEN-G03,common,LEGAL & FINANCE,Требования и разрешения для food-проекта,2026-10-06,2026-10-08,u-armen,in_progress,critical,,да
GEN-09,Подзадача,GEN-G03,common,LEGAL & FINANCE,Требования к вывеске / фасаду / окну,2026-10-06,2026-10-09,u-armen,in_progress,medium,,
GEN-10,Подзадача,GEN-G03,common,LEGAL & FINANCE,Получение разрешений и документов для food,2026-10-09,2026-10-30,u-armen,todo,critical,"GEN-08, GEN-04",да
GEN-13,Подзадача,GEN-G03,common,LEGAL & FINANCE,"Лицензия на алкоголь (CAFE, 24/7): требования, подача, получение",2026-10-20,2026-12-10,u-armen,todo,medium,GEN-04,
GEN-24,Подзадача,GEN-G03,common,LEGAL & FINANCE,Пожарные и санитарные требования к объектам,2026-10-06,2026-10-09,u-armen,in_progress,medium,,
GEN-G04,Задача,,common,SPACE & BUILD,"Обследование объектов, подрядчики и график ремонта",2026-10-06,2026-10-14,u-armen,in_progress,medium,,
GEN-23,Подзадача,GEN-G04,common,SPACE & BUILD,Техническое обследование инженерии,2026-09-24,2026-09-30,u-armen,done,medium,,
GEN-22,Подзадача,GEN-G04,common,SPACE & BUILD,Что можно и что нельзя демонтировать,2026-09-24,2026-09-26,u-armen,done,critical,,да
GEN-21,Подзадача,GEN-G04,common,SPACE & BUILD,Первичный обмер всех помещений,2026-09-24,2026-09-27,u-armen,done,medium,,
GEN-20,Подзадача,GEN-G04,common,SPACE & BUILD,Первичный осмотр объектов,2026-09-24,2026-09-25,u-armen,done,medium,,
GEN-27,Подзадача,GEN-G04,common,SPACE & BUILD,Общий график ремонта: Waffle → Dark Kitchen → COMX → CAFE,2026-09-29,2026-10-02,u-armen,done,medium,,
GEN-25,Подзадача,GEN-G04,common,LEGAL & FINANCE,Технический паспорт объектов,2026-10-06,2026-10-10,u-armen,in_progress,medium,,
GEN-26,Подзадача,GEN-G04,common,SPACE & BUILD,"Подрядчики: электрик, сантехник, вентиляция",2026-10-06,2026-10-10,u-armen,in_progress,medium,,
GEN-28,Подзадача,GEN-G04,common,SPACE & BUILD,Предварительный расчёт инженерных работ,2026-10-10,2026-10-14,u-armen,todo,medium,GEN-26,
GEN-G05,Задача,,common,LEGAL & FINANCE,"Бюджет, финмодель и согласования с Artur",2026-10-06,2026-10-20,"u-armen, u-artur",in_progress,high,,
GEN-07,Подзадача,GEN-G05,common,LEGAL & FINANCE,Финансовая модель и бюджет запуска,2026-09-24,2026-10-03,u-armen,done,critical,,да
GEN-31,Подзадача,GEN-G05,common,BRAND & MARKETING,Календарь утверждения дизайна: дедлайны WAFL 14.10 / DK 28.10 / COMX 31.10 / CAFE 13.11,2026-10-06,2026-10-07,u-armen,in_progress,critical,,да
ART-01,Подзадача,GEN-G05,common,LEGAL & FINANCE,Artur: утверждение финмодели и бюджета запуска (CAPEX),2026-10-07,2026-10-08,u-artur,todo,critical,,да
ART-03,Подзадача,GEN-G05,common,PRODUCT & APP,Artur + Armen: утверждение концепций COMX и CAFE,2026-10-20,2026-10-20,"u-armen, u-artur",todo,critical,"BK-01, CAF-01",да
GEN-G06,Задача,,common,BRAND & MARKETING,Бренд и фирменный стиль,2026-10-05,2026-10-29,"u-vladimir, u-armen, u-artur, u-karina",in_progress,high,,
GEN-44,Подзадача,GEN-G06,common,BRAND & MARKETING,Варианты логотипа,2026-10-01,2026-10-05,u-vladimir,done,medium,,
GEN-43,Подзадача,GEN-G06,common,BRAND & MARKETING,Название и позиционирование,2026-09-28,2026-10-01,u-vladimir,done,medium,,
GEN-42,Подзадача,GEN-G06,common,BRAND & MARKETING,Brand concept,2026-09-26,2026-09-30,u-vladimir,done,medium,,
GEN-41,Подзадача,GEN-G06,common,BRAND & MARKETING,Исследование конкурентов и визуального поля,2026-09-24,2026-09-28,u-karina,done,medium,,
GEN-40,Подзадача,GEN-G06,common,BRAND & MARKETING,"Сбор референсов, moodboard",2026-09-24,2026-09-26,u-vladimir,done,medium,,
GEN-45,Подзадача,GEN-G06,common,BRAND & MARKETING,Выбор направления логотипа,2026-10-05,2026-10-06,"u-armen, u-artur",in_progress,medium,,
GEN-46,Подзадача,GEN-G06,common,BRAND & MARKETING,Айдентика,2026-10-06,2026-10-19,u-vladimir,in_progress,medium,GEN-45,
GEN-47,Подзадача,GEN-G06,common,BRAND & MARKETING,Tone of Voice,2026-10-06,2026-10-09,u-karina,in_progress,medium,GEN-45,
GEN-48,Подзадача,GEN-G06,common,BRAND & MARKETING,Бренд-гайд / базовые правила,2026-10-19,2026-10-24,u-vladimir,todo,medium,GEN-46,
GEN-49,Подзадача,GEN-G06,common,BRAND & MARKETING,Униформа персонала,2026-10-19,2026-10-29,u-vladimir,todo,medium,GEN-46,
ART-02,Подзадача,GEN-G06,common,BRAND & MARKETING,Artur + Armen: утверждение айдентики и бренд-гайда (готовит Vladimir),2026-10-25,2026-10-25,"u-armen, u-artur",todo,critical,GEN-48,да
GEN-G07,Задача,,common,BRAND & MARKETING,"Digital: домены, соцсети, сайт, карточки на картах",2026-10-19,2026-11-02,"u-karina, u-vladimir",todo,medium,,
GEN-52,Подзадача,GEN-G07,common,BRAND & MARKETING,Регистрация соцсетей,2026-10-01,2026-10-05,u-karina,done,medium,,
GEN-51,Подзадача,GEN-G07,common,BRAND & MARKETING,Покупка доменов,2026-09-26,2026-09-30,u-karina,done,medium,,
GEN-50,Подзадача,GEN-G07,common,BRAND & MARKETING,Проверка доменов,2026-09-24,2026-09-26,u-karina,done,medium,,
GEN-53,Подзадача,GEN-G07,common,BRAND & MARKETING,Оформление соцсетей,2026-10-19,2026-10-23,u-karina,todo,medium,GEN-46,
GEN-56,Подзадача,GEN-G07,common,PRODUCT & APP,Сайт / лендинг,2026-10-19,2026-11-02,u-vladimir,todo,medium,GEN-46,
GEN-57,Подзадача,GEN-G07,common,BRAND & MARKETING,"Карточки в Google Maps, Yandex Maps, 2GIS",2026-10-26,2026-11-02,u-karina,todo,medium,,
GEN-G08,Задача,,common,BRAND & MARKETING,"Маркетинг-план, контент и PR",2026-10-07,2026-11-06,u-karina,todo,high,,
GEN-54,Подзадача,GEN-G08,common,BRAND & MARKETING,Контент-план запуска,2026-10-12,2026-10-22,u-karina,todo,high,GEN-47,
GEN-55,Подзадача,GEN-G08,common,BRAND & MARKETING,Фото и визуальный контент,2026-10-23,2026-11-02,u-karina,todo,medium,GEN-46,
GEN-58,Подзадача,GEN-G08,common,BRAND & MARKETING,"PR открытия: блогеры, городские медиа, событие",2026-10-19,2026-11-06,u-karina,todo,medium,,
MKT-01,Подзадача,GEN-G08,common,BRAND & MARKETING,"Маркетинг-план запуска 4 объектов: даты, каналы, бюджет, ответственные",2026-10-07,2026-10-13,u-karina,todo,critical,,да
MKT-02,Подзадача,GEN-G08,common,BRAND & MARKETING,"Блогеры и локальные медиа: список, условия (бартер/оплата), договорённости по открытиям",2026-10-13,2026-10-24,u-karina,todo,medium,MKT-01,
MKT-03,Подзадача,GEN-G08,common,BRAND & MARKETING,"Подрядчики по полиграфии и мерчу: поиск, КП, образцы, сроки",2026-10-12,2026-10-22,u-karina,todo,critical,,да
GEN-G09,Задача,,common,PEOPLE & TRAINING,"Команда: найм, договоры, обучение (общее)",2026-10-06,2026-10-31,u-armen,in_progress,high,,
GEN-60,Подзадача,GEN-G09,common,PEOPLE & TRAINING,"Трудовые договоры, зарплатная схема, мотивация",2026-10-09,2026-10-19,u-armen,todo,medium,GEN-04,
GEN-61,Подзадача,GEN-G09,common,PEOPLE & TRAINING,Медкнижки / санминимум персонала,2026-10-19,2026-10-31,u-armen,todo,medium,,
GEN-62,Подзадача,GEN-G09,common,PEOPLE & TRAINING,"Сводный план найма: роли × даты × ФОТ × каналы (WAFL, DK, COMX, CAFE)",2026-10-06,2026-10-08,u-armen,in_progress,critical,,да
GEN-63,Подзадача,GEN-G09,common,PEOPLE & TRAINING,"Каналы подбора: job.am / Staff.am, Telegram-чаты, Instagram, рефералка, колледжи",2026-10-07,2026-10-09,u-armen,todo,medium,,
GEN-64,Подзадача,GEN-G09,common,PEOPLE & TRAINING,Единая воронка: отклик → скрининг → интервью → пробная смена → оффер,2026-10-08,2026-10-12,u-armen,todo,medium,GEN-62,
GEN-65,Подзадача,GEN-G09,common,PEOPLE & TRAINING,"Менеджеры объектов: роли, ФОТ, сроки найма",2026-10-07,2026-10-09,u-armen,todo,critical,,да
GEN-69,Подзадача,GEN-G09,common,PEOPLE & TRAINING,"Найм: менеджеры Waffle и Dark Kitchen (ведут запуск, потом операционку)",2026-10-12,2026-10-23,u-armen,todo,high,GEN-65,
GEN-G10,Задача,,common,LEGAL & FINANCE,"Касса, закупки и стандарты работы",2026-10-01,2026-11-05,u-armen,in_progress,high,,
GEN-70,Подзадача,GEN-G10,common,PRODUCT & APP,"Касса, POS, эквайринг, учёт",2026-10-01,2026-10-19,u-armen,in_progress,critical,,да
GEN-71,Подзадача,GEN-G10,common,EQUIPMENT & SUPPLY,"Логистика закупок: кто, где, как часто",2026-10-12,2026-10-26,u-armen,todo,medium,,
GEN-72,Подзадача,GEN-G10,common,EQUIPMENT & SUPPLY,Сводный график заказа оборудования с учётом сроков поставки,2026-10-06,2026-10-08,u-armen,in_progress,critical,,да
GEN-80,Подзадача,GEN-G10,common,LEGAL & FINANCE,Food safety: процедуры и контроль,2026-10-14,2026-10-29,u-armen,todo,medium,,
GEN-81,Подзадача,GEN-G10,common,LEGAL & FINANCE,"Стандарты работы: открытие и закрытие смены, сервис",2026-10-19,2026-10-29,u-armen,todo,high,,
GEN-82,Подзадача,GEN-G10,common,LEGAL & FINANCE,Ежедневный отчёт после запуска,2026-10-26,2026-11-05,u-armen,todo,high,,
GEN-G11,Задача,,common,LEGAL & FINANCE,"Эксплуатация: договоры обслуживания, страхование, безопасность",2026-10-14,2026-11-02,u-armen,todo,medium,,
GEN-11,Подзадача,GEN-G11,common,LEGAL & FINANCE,"Договоры на вывоз отходов, дезинсекцию, клининг",2026-10-14,2026-10-29,u-armen,todo,medium,,
GEN-12,Подзадача,GEN-G11,common,LEGAL & FINANCE,Страхование помещений и оборудования,2026-10-19,2026-11-02,u-armen,todo,medium,,
GEN-29,Подзадача,GEN-G11,common,PRODUCT & APP,"Интернет, Wi-Fi, видеонаблюдение, сигнализация",2026-10-14,2026-10-29,u-armen,todo,medium,,
GEN-30,Подзадача,GEN-G11,common,SPACE & BUILD,"Пожарная безопасность: огнетушители, датчики, план эвакуации",2026-10-19,2026-10-31,u-armen,todo,medium,,
WAF-G01,Задача,,wafl,SPACE & BUILD,"Waffle: демонтаж, планировка и согласование",2026-10-06,2026-10-16,u-armen,in_progress,high,,
WAF-01,Подзадача,WAF-G01,wafl,SPACE & BUILD,Демонтаж Waffle,2026-10-06,2026-10-08,u-armen,in_progress,critical,,да
WAF-02,Подзадача,WAF-G01,wafl,SPACE & BUILD,Замер Waffle после демонтажа,2026-10-09,2026-10-09,u-armen,todo,medium,WAF-01,
WAF-03,Подзадача,WAF-G01,wafl,SPACE & BUILD,Планировка Waffle,2026-10-09,2026-10-12,u-armen,todo,critical,WAF-02,да
WAF-04,Подзадача,WAF-G01,wafl,SPACE & BUILD,Проверка планировки с оборудованием,2026-10-12,2026-10-13,u-armen,todo,medium,"WAF-03, WAF-22",
WAF-05,Подзадача,WAF-G01,wafl,SPACE & BUILD,Финальный инженерный план Waffle,2026-10-12,2026-10-15,u-armen,todo,medium,"WAF-03, GEN-25",
WAF-07,Подзадача,WAF-G01,wafl,LEGAL & FINANCE,"Согласование дизайна и работ: арендодатель, фасад, пожарные",2026-10-14,2026-10-16,u-armen,todo,critical,"WAF-06, GEN-09",да
WAF-G02,Задача,,wafl,SPACE & BUILD,Waffle: дизайн точки,2026-10-08,2026-10-14,"u-armen, u-artur",todo,high,,
WAF-06,Подзадача,WAF-G02,wafl,SPACE & BUILD,Дизайн точки Waffle,2026-10-08,2026-10-14,u-design,todo,medium,"WAF-01, GEN-45",
WAF-06.1,Подзадача,WAF-G02,wafl,SPACE & BUILD,"Бриф дизайнеру Waffle: размеры окна, оборудование, поток, айдентика",2026-10-08,2026-10-09,u-armen,todo,medium,WAF-01,
WAF-06.2,Подзадача,WAF-G02,wafl,SPACE & BUILD,Концепт точки (2 варианта),2026-10-09,2026-10-12,u-design,todo,medium,WAF-06.1,
WAF-06.3,Подзадача,WAF-G02,wafl,SPACE & BUILD,"Правки и финальный проект: размеры, материалы, спецификация",2026-10-12,2026-10-13,u-design,todo,medium,WAF-06.2,
WAF-06.4,Подзадача,WAF-G02,wafl,SPACE & BUILD,УТВЕРЖДЕНИЕ ДИЗАЙНА Waffle,2026-10-14,2026-10-14,"u-armen, u-artur",todo,critical,WAF-06.3,да
WAF-G03,Задача,,wafl,SPACE & BUILD,Waffle: ремонт и окно выдачи,2026-10-06,2026-10-31,u-armen,in_progress,high,,
WAF-08,Подзадача,WAF-G03,wafl,SPACE & BUILD,Ремонт и инженерные работы Waffle,2026-10-16,2026-10-27,u-armen,todo,critical,"WAF-07, WAF-05",да
WAF-09,Подзадача,WAF-G03,wafl,EQUIPMENT & SUPPLY,Заказ материалов и мебели,2026-10-14,2026-10-19,u-armen,todo,medium,WAF-06,
WAF-10,Подзадача,WAF-G03,wafl,EQUIPMENT & SUPPLY,Подрядчик на окно выдачи,2026-10-06,2026-10-08,u-armen,in_progress,critical,,да
WAF-11,Подзадача,WAF-G03,wafl,SPACE & BUILD,Замер окна,2026-10-09,2026-10-09,u-armen,todo,medium,"WAF-10, WAF-01",
WAF-12,Подзадача,WAF-G03,wafl,SPACE & BUILD,Производство окна,2026-10-14,2026-10-28,u-armen,todo,critical,"WAF-11, GEN-09",да
WAF-13,Подзадача,WAF-G03,wafl,SPACE & BUILD,Монтаж окна,2026-10-28,2026-10-31,u-armen,todo,critical,WAF-12,да
WAF-G04,Задача,,wafl,EQUIPMENT & SUPPLY,"Waffle: оборудование, поставщики и упаковка",2026-10-06,2026-11-02,"u-armen, u-artur, u-vladimir",in_progress,high,,
ART-05,Подзадача,WAF-G04,wafl,EQUIPMENT & SUPPLY,"Artur: согласование заказа оборудования Waffle (КП, сумма, предоплата)",2026-10-09,2026-10-09,u-artur,todo,critical,"ART-01, WAF-22.2",да
WAF-20,Подзадача,WAF-G04,wafl,EQUIPMENT & SUPPLY,Можно ли привезти оборудование,2026-10-06,2026-10-06,u-armen,in_progress,medium,,
WAF-21,Подзадача,WAF-G04,wafl,EQUIPMENT & SUPPLY,Поиск локального оборудования (если привезти нельзя),2026-10-06,2026-10-08,u-armen,in_progress,medium,WAF-20,
WAF-22,Подзадача,WAF-G04,wafl,EQUIPMENT & SUPPLY,"Сравнение оборудования и цен, выбор",2026-10-06,2026-10-09,u-armen,in_progress,medium,WAF-20,
WAF-64,Подзадача,WAF-G04,wafl,EQUIPMENT & SUPPLY,"ТЗ на оборудование: вафельницы, холод, кофемашина (по производственной мощности)",2026-10-07,2026-10-07,u-armen,todo,medium,WAF-23,
WAF-22.2,Подзадача,WAF-G04,wafl,EQUIPMENT & SUPPLY,"КП от ≥3 поставщиков, сроки поставки, сравнение",2026-10-08,2026-10-09,u-armen,todo,critical,WAF-64,да
WAF-23,Подзадача,WAF-G04,wafl,EQUIPMENT & SUPPLY,Производственная мощность: сколько вафель в час в пик,2026-10-06,2026-10-07,u-armen,in_progress,medium,,
WAF-24,Подзадача,WAF-G04,wafl,EQUIPMENT & SUPPLY,Заказ оборудования,2026-10-09,2026-10-12,u-armen,todo,critical,"WAF-22, ART-05",да
WAF-24.3,Подзадача,WAF-G04,wafl,EQUIPMENT & SUPPLY,"Договор, предоплата, фиксация срока поставки ≤18 дней",2026-10-10,2026-10-12,u-armen,todo,critical,WAF-22.2,да
WAF-25,Подзадача,WAF-G04,wafl,EQUIPMENT & SUPPLY,Доставка оборудования,2026-10-12,2026-10-30,u-armen,todo,critical,WAF-24,да
WAF-25.1,Подзадача,WAF-G04,wafl,EQUIPMENT & SUPPLY,"Приёмка оборудования по чек-листу, проверка на брак",2026-10-27,2026-10-30,u-armen,todo,medium,WAF-24.3,
WAF-26,Подзадача,WAF-G04,wafl,EQUIPMENT & SUPPLY,"Хранение: холодильник, морозилка, сухой склад, упаковка",2026-10-13,2026-10-24,u-armen,todo,medium,WAF-04,
WAF-27,Подзадача,WAF-G04,wafl,EQUIPMENT & SUPPLY,Поставщики продуктов + резервные,2026-10-12,2026-10-23,u-armen,todo,medium,,
WAF-28,Подзадача,WAF-G04,wafl,EQUIPMENT & SUPPLY,Упаковка Waffle: дизайн и поставщик,2026-10-09,2026-10-23,u-vladimir,todo,medium,GEN-45,
WAF-29,Подзадача,WAF-G04,wafl,EQUIPMENT & SUPPLY,Заказ упаковки,2026-10-23,2026-10-30,u-armen,todo,medium,WAF-28,
WAF-30,Подзадача,WAF-G04,wafl,SPACE & BUILD,Монтаж оборудования,2026-10-31,2026-11-02,u-armen,todo,critical,"WAF-08, WAF-25, WAF-13",да
WAF-G05,Задача,,wafl,PRODUCT & APP,"Waffle: продукт, рецептуры и цены",2026-10-06,2026-11-02,"u-armen, u-artur, u-vladimir",in_progress,high,,
WAF-48,Подзадача,WAF-G05,wafl,PRODUCT & APP,Юнит-экономика точки Waffle,2026-09-29,2026-10-05,u-armen,done,medium,,
WAF-40,Подзадача,WAF-G05,wafl,PEOPLE & TRAINING,Поиск шеф-кондитера,2026-10-06,2026-10-08,u-armen,in_progress,medium,,
WAF-41,Подзадача,WAF-G05,wafl,PEOPLE & TRAINING,Выбор шеф-кондитера,2026-10-08,2026-10-10,u-armen,todo,critical,WAF-40,да
WAF-42,Подзадача,WAF-G05,wafl,PRODUCT & APP,Концепция продукта и ассортимент,2026-10-06,2026-10-08,"u-armen, u-artur",in_progress,medium,,
WAF-43,Подзадача,WAF-G05,wafl,PRODUCT & APP,Разработка рецептур,2026-10-10,2026-10-19,u-chef-wafl,todo,critical,"WAF-41, WAF-42",да
WAF-44,Подзадача,WAF-G05,wafl,PRODUCT & APP,Тестирование рецептур,2026-10-19,2026-10-24,"u-armen, u-artur",todo,medium,WAF-43,
WAF-45,Подзадача,WAF-G05,wafl,PRODUCT & APP,Техкарты Waffle,2026-10-24,2026-10-29,u-armen,todo,medium,WAF-44,
WAF-46,Подзадача,WAF-G05,wafl,PRODUCT & APP,Себестоимость и цены,2026-10-24,2026-10-29,u-armen,todo,medium,WAF-44,
WAF-47,Подзадача,WAF-G05,wafl,BRAND & MARKETING,Меню-борд и POSM для окна,2026-10-29,2026-11-02,u-vladimir,todo,medium,"WAF-46, GEN-46",
WAF-G06,Задача,,wafl,PEOPLE & TRAINING,Waffle: команда,2026-10-06,2026-11-04,u-armen,in_progress,high,,
WAF-50,Подзадача,WAF-G06,wafl,PEOPLE & TRAINING,Штатная структура Waffle,2026-10-06,2026-10-08,u-armen,in_progress,medium,,
WAF-51,Подзадача,WAF-G06,wafl,PEOPLE & TRAINING,Поиск кондитеров и бариста,2026-10-08,2026-10-20,u-armen,todo,medium,WAF-50,
WAF-51.1,Подзадача,WAF-G06,wafl,PEOPLE & TRAINING,"Вакансии: тексты, публикация (кондитеры, бариста/кассиры; смены 10–12 ч, 2/2)",2026-10-08,2026-10-09,u-armen,todo,medium,WAF-50,
WAF-51.2,Подзадача,WAF-G06,wafl,PEOPLE & TRAINING,"Скрининг откликов, первичные звонки",2026-10-12,2026-10-19,u-armen,todo,medium,WAF-51.1,
WAF-52,Подзадача,WAF-G06,wafl,PEOPLE & TRAINING,Собеседования,2026-10-12,2026-10-23,u-armen,todo,medium,,
WAF-52.1,Подзадача,WAF-G06,wafl,PEOPLE & TRAINING,"Пробные смены / практическое задание (вафли, кофе, касса)",2026-10-19,2026-10-23,u-armen,todo,medium,WAF-51.2,
WAF-53,Подзадача,WAF-G06,wafl,PEOPLE & TRAINING,Найм и договоры,2026-10-23,2026-10-27,u-armen,todo,medium,"WAF-52, GEN-60",
WAF-53.1,Подзадача,WAF-G06,wafl,PEOPLE & TRAINING,"Оффер, договоры, медкнижки (санминимум 3–5 дней), 2 запасных кандидата",2026-10-23,2026-10-27,u-armen,todo,medium,WAF-52.1,
WAF-54,Подзадача,WAF-G06,wafl,PEOPLE & TRAINING,Обучение персонала,2026-10-27,2026-11-02,u-armen,todo,critical,WAF-53,да
WAF-55,Подзадача,WAF-G06,wafl,PEOPLE & TRAINING,Тестовые смены,2026-11-03,2026-11-04,u-armen,todo,critical,"WAF-54, WAF-30",да
WAF-G07,Задача,,wafl,PRODUCT & APP,Mini App лояльности (Waffle),2026-10-06,2026-11-13,"u-armen, u-vladimir, u-artur, u-karina",in_progress,high,,
ART-09,Подзадача,WAF-G07,wafl,PRODUCT & APP,Artur: согласование сметы и договора на Mini App,2026-10-13,2026-10-13,u-artur,todo,high,APP-04,
APP-01,Подзадача,WAF-G07,wafl,PRODUCT & APP,App: цели и механика лояльности,2026-10-06,2026-10-08,u-armen,in_progress,medium,,
APP-02,Подзадача,WAF-G07,wafl,PRODUCT & APP,App: механики геймификации,2026-10-06,2026-10-09,u-vladimir,in_progress,medium,,
APP-03,Подзадача,WAF-G07,wafl,PRODUCT & APP,App: команда разработки Telegram Mini App,2026-10-06,2026-10-09,u-armen,in_progress,medium,,
APP-04,Подзадача,WAF-G07,wafl,PRODUCT & APP,App: техническое задание Mini App,2026-10-09,2026-10-13,u-armen,todo,critical,"APP-01, APP-02, APP-03",да
APP-05,Подзадача,WAF-G07,wafl,PRODUCT & APP,"App: договор с разработчиком, смета, этапы приёмки",2026-10-13,2026-10-15,u-armen,todo,medium,"APP-04, ART-09",
APP-06,Подзадача,WAF-G07,wafl,PRODUCT & APP,App: UX-прототип,2026-10-15,2026-10-20,u-vladimir,todo,medium,APP-05,
APP-07,Подзадача,WAF-G07,wafl,PRODUCT & APP,App: UI-дизайн в айдентике,2026-10-20,2026-10-25,u-vladimir,todo,medium,"APP-06, GEN-46",
APP-08,Подзадача,WAF-G07,wafl,PRODUCT & APP,"App: backend — пользователи, баллы, акции, админка",2026-10-20,2026-11-03,u-armen,todo,medium,APP-06,
APP-09,Подзадача,WAF-G07,wafl,PRODUCT & APP,App: интеграция с POS — начисление и списание баллов,2026-10-27,2026-11-05,u-armen,todo,medium,"APP-06, GEN-70",
WAF-65,Подзадача,WAF-G07,wafl,PRODUCT & APP,App: Mini App — клиентская часть (UI после UI-дизайна),2026-10-22,2026-11-05,u-armen,todo,medium,APP-06,
APP-11,Подзадача,WAF-G07,wafl,LEGAL & FINANCE,"App: правила программы, оферта, политика ПДн",2026-10-09,2026-10-20,u-armen,todo,medium,GEN-04,
APP-12,Подзадача,WAF-G07,wafl,PRODUCT & APP,App: тестирование (QA),2026-11-05,2026-11-09,u-armen,todo,critical,"APP-08, APP-09, WAF-65",да
APP-13,Подзадача,WAF-G07,wafl,PRODUCT & APP,App: бета на тестовых сменах,2026-11-09,2026-11-11,u-armen,todo,medium,APP-12,
APP-14,Подзадача,WAF-G07,wafl,PRODUCT & APP,App: бот и публикация Mini App в Telegram,2026-11-09,2026-11-12,u-armen,todo,critical,APP-12,да
APP-15,Подзадача,WAF-G07,wafl,BRAND & MARKETING,"App: промо — QR на окне и упаковке ведёт в бот, стартовая акция",2026-11-03,2026-11-12,u-karina,todo,medium,APP-06,
APP-16,Подзадача,WAF-G07,wafl,PRODUCT & APP,App: запуск вместе с открытием Waffle,2026-11-13,2026-11-13,u-armen,todo,critical,"APP-13, APP-14",да
WAF-G08,Задача,,wafl,LAUNCH & OPS,Waffle: тесты и запуск (06.11),2026-10-26,2026-11-06,"u-armen, u-karina, u-artur",todo,high,,
MKT-04,Подзадача,WAF-G08,wafl,BRAND & MARKETING,"Полиграфия Waffle: меню-борд, POSM, наклейки — печать и получение",2026-11-02,2026-11-04,u-karina,todo,critical,"MKT-03, WAF-47",да
MKT-05,Подзадача,WAF-G08,wafl,BRAND & MARKETING,"Контент и PR запуска Waffle: анонс, обратный отсчёт, блогеры, день открытия",2026-10-26,2026-11-06,u-karina,todo,high,"MKT-02, GEN-54",
ART-12,Подзадача,WAF-G08,wafl,LEGAL & FINANCE,Go/no-go запуска Waffle (Armen + Artur),2026-11-05,2026-11-05,"u-armen, u-artur",todo,critical,WAF-62,да
WAF-60,Подзадача,WAF-G08,wafl,PRODUCT & APP,Тест производства Waffle,2026-11-02,2026-11-03,u-armen,todo,medium,WAF-30,
WAF-61,Подзадача,WAF-G08,wafl,LAUNCH & OPS,Soft launch: ограниченные продажи,2026-11-04,2026-11-05,u-armen,todo,critical,"WAF-55, WAF-60, GEN-10, GEN-70",да
WAF-62,Подзадача,WAF-G08,wafl,LAUNCH & OPS,Анализ и корректировки,2026-11-05,2026-11-05,u-armen,todo,medium,WAF-61,
WAF-63,Подзадача,WAF-G08,wafl,LAUNCH & OPS,🚀 WAFFLE LAUNCH,2026-11-06,2026-11-06,u-armen,todo,critical,"WAF-62, ART-12",да
DK-G01,Задача,,kitchen,PRODUCT & APP,Dark Kitchen: концепция и бренды,2026-10-06,2026-10-23,"u-vladimir, u-armen, u-artur",in_progress,high,,
DK-02,Подзадача,DK-G01,kitchen,PRODUCT & APP,Общая концепция Dark Kitchen,2026-09-24,2026-10-03,u-armen,done,medium,,
DK-01,Подзадача,DK-G01,kitchen,PRODUCT & APP,"Исследование рынка доставки: конкуренты, цены, агрегаторы",2026-09-24,2026-09-30,u-karina,done,medium,,
DK-03,Подзадача,DK-G01,kitchen,PRODUCT & APP,Long list виртуальных брендов,2026-10-06,2026-10-07,u-vladimir,in_progress,medium,,
DK-04,Подзадача,DK-G01,kitchen,PRODUCT & APP,"Концепции брендов: кухня, меню, цена, ЦА, позиционирование",2026-10-07,2026-10-09,u-vladimir,todo,medium,DK-03,
DK-05,Подзадача,DK-G01,kitchen,PRODUCT & APP,Выбор 2–4 брендов для MVP,2026-10-09,2026-10-10,"u-armen, u-artur",todo,critical,DK-04,да
DK-06,Подзадача,DK-G01,kitchen,LEGAL & FINANCE,Юнит-экономика каждого бренда,2026-10-10,2026-10-18,u-armen,todo,medium,DK-05,
DK-07,Подзадача,DK-G01,kitchen,BRAND & MARKETING,Нейминг и айдентика виртуальных брендов,2026-10-10,2026-10-23,u-vladimir,todo,medium,DK-05,
DK-G02,Задача,,kitchen,PRODUCT & APP,Dark Kitchen: меню и рецептуры,2026-10-10,2026-11-09,"u-armen, u-artur",todo,high,,
DK-08,Подзадача,DK-G02,kitchen,PRODUCT & APP,MVP-меню,2026-10-10,2026-10-19,u-armen,todo,medium,DK-05,
DK-09,Подзадача,DK-G02,kitchen,PRODUCT & APP,Рецептуры Dark Kitchen,2026-10-20,2026-11-01,u-chef-kitchen,todo,critical,"DK-08, DK-18",да
DK-10,Подзадача,DK-G02,kitchen,PRODUCT & APP,Тест-дегустация / фокус-группа,2026-11-01,2026-11-05,"u-armen, u-artur",todo,critical,DK-09,да
DK-11,Подзадача,DK-G02,kitchen,PRODUCT & APP,Техкарты Dark Kitchen,2026-11-05,2026-11-09,u-armen,todo,medium,DK-10,
DK-12,Подзадача,DK-G02,kitchen,PRODUCT & APP,Себестоимость и цены,2026-11-05,2026-11-09,u-armen,todo,medium,DK-10,
DK-G03,Задача,,kitchen,SPACE & BUILD,"Dark Kitchen: демонтаж, проект и ремонт кухни",2026-10-07,2026-11-11,"u-armen, u-artur",todo,high,,
DK-20,Подзадача,DK-G03,kitchen,SPACE & BUILD,Демонтаж кухни,2026-10-07,2026-10-13,u-armen,todo,critical,,да
DK-21,Подзадача,DK-G03,kitchen,SPACE & BUILD,Замер кухни после демонтажа,2026-10-14,2026-10-14,u-armen,todo,medium,DK-20,
DK-22,Подзадача,DK-G03,kitchen,SPACE & BUILD,Планировка кухни,2026-10-14,2026-10-19,u-armen,todo,medium,DK-21,
DK-23,Подзадача,DK-G03,kitchen,SPACE & BUILD,Проверка планировки с оборудованием,2026-10-20,2026-10-21,u-armen,todo,medium,"DK-22, DK-30",
DK-24,Подзадача,DK-G03,kitchen,SPACE & BUILD,"Инженерный проект: вытяжка, вентиляция, электричество, вода",2026-10-19,2026-10-24,u-armen,todo,critical,"DK-22, GEN-25",да
DK-25,Подзадача,DK-G03,kitchen,SPACE & BUILD,Дизайн кухни,2026-10-21,2026-10-28,u-design,todo,medium,DK-23,
DK-25.1,Подзадача,DK-G03,kitchen,SPACE & BUILD,"Бриф дизайнеру кухни: потоки, зоны, оборудование",2026-10-21,2026-10-21,u-armen,todo,medium,DK-22,
DK-25.2,Подзадача,DK-G03,kitchen,SPACE & BUILD,Первая версия: зонирование и 3D/схемы,2026-10-21,2026-10-24,u-design,todo,medium,DK-25.1,
DK-25.3,Подзадача,DK-G03,kitchen,SPACE & BUILD,"Правки, финальные чертежи, спецификация материалов",2026-10-24,2026-10-27,u-design,todo,medium,DK-25.2,
DK-25.4,Подзадача,DK-G03,kitchen,SPACE & BUILD,УТВЕРЖДЕНИЕ ДИЗАЙНА кухни,2026-10-28,2026-10-28,"u-armen, u-artur",todo,critical,DK-25.3,да
DK-26,Подзадача,DK-G03,kitchen,LEGAL & FINANCE,"Согласование: арендодатель, пожарные, санитария",2026-10-28,2026-10-30,u-armen,todo,critical,"DK-25, DK-24",да
DK-27,Подзадача,DK-G03,kitchen,SPACE & BUILD,Ремонт и инженерные работы кухни,2026-10-31,2026-11-11,u-armen,todo,critical,DK-26,да
DK-G04,Задача,,kitchen,EQUIPMENT & SUPPLY,"Dark Kitchen: оборудование, поставщики и упаковка",2026-10-11,2026-11-14,"u-armen, u-artur, u-vladimir",todo,high,,
ART-06,Подзадача,DK-G04,kitchen,EQUIPMENT & SUPPLY,Artur: согласование заказа оборудования Dark Kitchen,2026-10-16,2026-10-16,u-artur,todo,critical,DK-30.1,да
DK-13,Подзадача,DK-G04,kitchen,EQUIPMENT & SUPPLY,Поставщики продуктов + резервные,2026-10-14,2026-10-31,u-armen,todo,medium,,
DK-14,Подзадача,DK-G04,kitchen,EQUIPMENT & SUPPLY,"Упаковка для доставки: дизайн, тест, заказ",2026-10-23,2026-11-09,u-vladimir,todo,medium,DK-07,
DK-30,Подзадача,DK-G04,kitchen,EQUIPMENT & SUPPLY,Список и выбор оборудования под меню,2026-10-12,2026-10-16,u-armen,todo,medium,DK-05,
DK-30.1,Подзадача,DK-G04,kitchen,EQUIPMENT & SUPPLY,КП от ≥3 поставщиков (основное оборудование),2026-10-13,2026-10-16,u-armen,todo,medium,DK-05,
DK-31,Подзадача,DK-G04,kitchen,EQUIPMENT & SUPPLY,Производственная мощность: заказов в час в пик,2026-10-11,2026-10-17,u-armen,todo,medium,,
DK-32,Подзадача,DK-G04,kitchen,EQUIPMENT & SUPPLY,Заказ оборудования кухни,2026-10-16,2026-10-19,u-armen,todo,critical,"DK-30, ART-06",да
DK-36,Подзадача,DK-G04,kitchen,EQUIPMENT & SUPPLY,Заказ вытяжки/вентиляции (самый долгий срок) — сразу после инженерного проекта,2026-10-24,2026-10-26,u-armen,todo,critical,DK-24,да
DK-33,Подзадача,DK-G04,kitchen,EQUIPMENT & SUPPLY,Доставка оборудования кухни,2026-10-19,2026-11-12,u-armen,todo,critical,DK-32,да
DK-33.1,Подзадача,DK-G04,kitchen,EQUIPMENT & SUPPLY,"Приёмка оборудования, проверка на брак",2026-11-10,2026-11-12,u-armen,todo,medium,DK-32,
DK-34,Подзадача,DK-G04,kitchen,EQUIPMENT & SUPPLY,"Хранение: холод, заморозка, сухой склад, маркировка",2026-10-18,2026-11-04,u-armen,todo,medium,,
DK-35,Подзадача,DK-G04,kitchen,SPACE & BUILD,Монтаж оборудования кухни,2026-11-12,2026-11-14,u-armen,todo,critical,"DK-27, DK-33",да
DK-G05,Задача,,kitchen,PEOPLE & TRAINING,Dark Kitchen: команда,2026-10-10,2026-11-16,u-armen,todo,high,,
DK-18,Подзадача,DK-G05,kitchen,PEOPLE & TRAINING,Шеф/су-шеф Dark Kitchen: поиск и найм до разработки рецептур,2026-10-10,2026-10-20,u-armen,todo,critical,DK-05,да
DK-40,Подзадача,DK-G05,kitchen,PEOPLE & TRAINING,Штатная структура кухни,2026-10-20,2026-10-22,u-armen,todo,medium,,
DK-41,Подзадача,DK-G05,kitchen,PEOPLE & TRAINING,"Поиск персонала: су-шеф, повара, упаковщик",2026-10-22,2026-11-08,u-armen,todo,medium,DK-40,
DK-41.1,Подзадача,DK-G05,kitchen,PEOPLE & TRAINING,"Вакансии: су-шеф, повара, комплектовщик/упаковщик",2026-10-22,2026-10-23,u-armen,todo,medium,"DK-40, GEN-63",
DK-41.2,Подзадача,DK-G05,kitchen,PEOPLE & TRAINING,Скрининг и интервью,2026-10-26,2026-11-02,u-armen,todo,medium,DK-41.1,
DK-41.3,Подзадача,DK-G05,kitchen,PEOPLE & TRAINING,Пробная смена: приготовить блюда MVP-меню,2026-11-02,2026-11-08,u-armen,todo,critical,DK-41.2,да
DK-42,Подзадача,DK-G05,kitchen,PEOPLE & TRAINING,Найм кухни,2026-11-08,2026-11-11,u-armen,todo,medium,"DK-41, GEN-60",
DK-42.1,Подзадача,DK-G05,kitchen,PEOPLE & TRAINING,"Оффер, договоры, медкнижки",2026-11-08,2026-11-11,u-armen,todo,medium,DK-41.3,
DK-43,Подзадача,DK-G05,kitchen,PEOPLE & TRAINING,Обучение по техкартам,2026-11-11,2026-11-14,u-armen,todo,medium,"DK-42, DK-11",
DK-44,Подзадача,DK-G05,kitchen,PEOPLE & TRAINING,Тестовые смены кухни,2026-11-15,2026-11-16,u-armen,todo,critical,"DK-43, DK-35",да
DK-G06,Задача,,kitchen,LAUNCH & OPS,Dark Kitchen: агрегаторы и доставка,2026-10-10,2026-11-12,"u-armen, u-karina",todo,high,,
DK-15,Подзадача,DK-G06,kitchen,BRAND & MARKETING,Фото блюд для агрегаторов,2026-11-05,2026-11-09,u-karina,todo,medium,DK-10,
DK-16,Подзадача,DK-G06,kitchen,LAUNCH & OPS,"Подключение к агрегаторам: договоры, меню, модерация",2026-10-24,2026-11-12,u-armen,todo,critical,"DK-07, GEN-04",да
DK-17,Подзадача,DK-G06,kitchen,LAUNCH & OPS,Модель доставки: агрегаторы / свои курьеры / служба,2026-10-10,2026-10-19,u-armen,todo,medium,DK-05,
DK-G07,Задача,,kitchen,LAUNCH & OPS,Dark Kitchen: тесты и запуск (21.11),2026-11-09,2026-11-21,"u-armen, u-karina, u-artur",todo,high,,
MKT-06,Подзадача,DK-G07,kitchen,BRAND & MARKETING,"Контент и PR запуска Dark Kitchen: бренды, агрегаторы, первые отзывы",2026-11-09,2026-11-21,u-karina,todo,high,MKT-02,
ART-13,Подзадача,DK-G07,kitchen,LEGAL & FINANCE,Go/no-go запуска Dark Kitchen (Armen + Artur),2026-11-20,2026-11-20,"u-armen, u-artur",todo,critical,DK-53,да
DK-50,Подзадача,DK-G07,kitchen,PRODUCT & APP,Production test: время готовки и сборки заказа,2026-11-14,2026-11-15,u-armen,todo,medium,DK-35,
DK-51,Подзадача,DK-G07,kitchen,LAUNCH & OPS,"Тестовый запуск: закрытые заказы (команда, друзья)",2026-11-16,2026-11-17,u-armen,todo,critical,"DK-44, DK-50, DK-16",да
DK-52,Подзадача,DK-G07,kitchen,LAUNCH & OPS,"Soft launch на агрегаторах, ограниченные часы",2026-11-17,2026-11-19,u-armen,todo,critical,DK-51,да
DK-53,Подзадача,DK-G07,kitchen,LAUNCH & OPS,"Анализ и корректировки: время, отзывы, food cost",2026-11-19,2026-11-20,u-armen,todo,medium,DK-52,
DK-54,Подзадача,DK-G07,kitchen,LAUNCH & OPS,🚀 DARK KITCHEN LAUNCH,2026-11-21,2026-11-21,u-armen,todo,critical,"DK-53, ART-13",да
BK-G01,Задача,,comx,EQUIPMENT & SUPPLY,COMX: концепция и закупка товара,2026-10-06,2026-11-23,"u-armen, u-artur",in_progress,high,,
ART-07,Подзадача,BK-G01,comx,EQUIPMENT & SUPPLY,Artur: согласование первой закупки товара COMX ($10–30k),2026-10-25,2026-10-25,u-artur,todo,critical,BK-08.2,да
BK-01,Подзадача,BK-G01,comx,PRODUCT & APP,"Концепция COMX: ассортимент, формат, события",2026-10-06,2026-10-20,"u-armen, u-artur",in_progress,medium,,
BK-08,Подзадача,BK-G01,comx,EQUIPMENT & SUPPLY,"Поставщики книг и комиксов, первая закупка",2026-10-06,2026-10-28,u-armen,in_progress,medium,,
BK-08.1,Подзадача,BK-G01,comx,EQUIPMENT & SUPPLY,"Категории и бюджет закупки ($10–30k): комиксы RU/EN/AM, настолки, мерч, лицензии",2026-10-06,2026-10-13,u-armen,in_progress,medium,,
BK-08.2,Подзадача,BK-G01,comx,EQUIPMENT & SUPPLY,"Зарубежные поставщики: КП, условия, таможня/доставка, эксклюзив",2026-10-13,2026-10-25,u-armen,todo,medium,BK-08.1,
BK-08.3,Подзадача,BK-G01,comx,EQUIPMENT & SUPPLY,Первый заказ (предоплата),2026-10-25,2026-10-28,u-armen,todo,critical,"BK-08.2, ART-07",да
BK-13,Подзадача,BK-G01,comx,EQUIPMENT & SUPPLY,"Приёмка товара, ценники, выкладка",2026-11-10,2026-11-23,u-armen,todo,medium,BK-08.3,
BK-G02,Задача,,comx,SPACE & BUILD,"COMX: демонтаж, дизайн, ремонт и мебель",2026-10-14,2026-11-18,"u-armen, u-artur",todo,high,,
BK-02,Подзадача,BK-G02,comx,SPACE & BUILD,Демонтаж COMX,2026-10-14,2026-10-19,u-armen,todo,medium,DK-20,
BK-03,Подзадача,BK-G02,comx,SPACE & BUILD,Замер COMX,2026-10-20,2026-10-20,u-armen,todo,medium,BK-02,
BK-04,Подзадача,BK-G02,comx,SPACE & BUILD,Планировка COMX,2026-10-20,2026-10-24,u-armen,todo,medium,"BK-03, ART-03",
BK-05,Подзадача,BK-G02,comx,SPACE & BUILD,Дизайн COMX,2026-10-24,2026-10-31,u-design,todo,medium,BK-04,
BK-05.1,Подзадача,BK-G02,comx,SPACE & BUILD,"Бриф дизайнеру COMX: зоны (комиксы/игры/мерч/снеки), стеллажи, касса",2026-10-24,2026-10-24,u-armen,todo,medium,BK-03,
BK-05.2,Подзадача,BK-G02,comx,SPACE & BUILD,Концепт интерьера,2026-10-24,2026-10-28,u-design,todo,medium,BK-05.1,
BK-05.3,Подзадача,BK-G02,comx,SPACE & BUILD,"Правки, чертежи стеллажей, спецификация",2026-10-28,2026-10-31,u-design,todo,medium,BK-05.2,
BK-05.4,Подзадача,BK-G02,comx,SPACE & BUILD,УТВЕРЖДЕНИЕ ДИЗАЙНА COMX,2026-10-31,2026-10-31,"u-armen, u-artur",todo,critical,BK-05.3,да
BK-06,Подзадача,BK-G02,comx,LEGAL & FINANCE,Согласование COMX,2026-10-31,2026-11-03,u-armen,todo,medium,BK-05,
BK-07,Подзадача,BK-G02,comx,SPACE & BUILD,Ремонт COMX,2026-11-03,2026-11-17,u-armen,todo,medium,BK-06,
BK-09,Подзадача,BK-G02,comx,EQUIPMENT & SUPPLY,Стеллажи и мебель,2026-11-03,2026-11-18,u-armen,todo,medium,BK-05,
BK-G03,Задача,,comx,PEOPLE & TRAINING,COMX: команда,2026-10-20,2026-11-21,u-armen,todo,medium,,
BK-10,Подзадача,BK-G03,comx,PEOPLE & TRAINING,Персонал COMX,2026-10-20,2026-11-21,u-armen,todo,medium,,
BK-10.1,Подзадача,BK-G03,comx,PEOPLE & TRAINING,"Профиль: менеджер, продавцы-консультанты (комиксы/игры)",2026-10-20,2026-10-22,u-armen,todo,medium,GEN-62,
BK-10.2,Подзадача,BK-G03,comx,PEOPLE & TRAINING,Вакансии и скрининг,2026-11-03,2026-11-10,u-armen,todo,medium,"BK-10.1, GEN-63",
BK-10.3,Подзадача,BK-G03,comx,PEOPLE & TRAINING,"Пробная смена, оффер, договоры",2026-11-10,2026-11-16,u-armen,todo,medium,BK-10.2,
BK-10.4,Подзадача,BK-G03,comx,PEOPLE & TRAINING,"Обучение: ассортимент, касса, лояльность",2026-11-16,2026-11-21,u-armen,todo,medium,BK-10.3,
BK-G04,Задача,,comx,BRAND & MARKETING,COMX: открытие (25.11) и маркетинг,2026-10-22,2026-11-25,"u-armen, u-karina, u-artur",todo,high,,
MKT-07,Подзадача,BK-G04,comx,BRAND & MARKETING,"Мерч бренда и COMX: макеты (Vladimir), подрядчик и заказ (Karine)",2026-10-22,2026-11-15,u-karina,todo,medium,MKT-03,
MKT-08,Подзадача,BK-G04,comx,BRAND & MARKETING,"Контент и PR открытия COMX: сообщество комиксов и игр, событие открытия",2026-11-10,2026-11-25,u-karina,todo,medium,MKT-02,
ART-14,Подзадача,BK-G04,comx,LEGAL & FINANCE,Go/no-go открытия COMX (Armen + Artur),2026-11-24,2026-11-24,"u-armen, u-artur",todo,critical,BK-11,да
BK-11,Подзадача,BK-G04,comx,LAUNCH & OPS,Soft launch COMX,2026-11-22,2026-11-24,u-armen,todo,medium,"BK-07, BK-09",
BK-12,Подзадача,BK-G04,comx,LAUNCH & OPS,🚀 Открытие COMX,2026-11-25,2026-11-25,u-armen,todo,high,"BK-11, ART-14",
CAF-G01,Задача,,cafe,PRODUCT & APP,CAFE: концепция и меню,2026-10-06,2026-12-15,"u-armen, u-artur",in_progress,medium,,
CAF-01,Подзадача,CAF-G01,cafe,PRODUCT & APP,"Концепция кафе: меню, зал, бар",2026-10-06,2026-10-20,"u-armen, u-artur",in_progress,medium,,
CAF-09,Подзадача,CAF-G01,cafe,PRODUCT & APP,Меню и рецептуры кафе,2026-11-15,2026-12-15,u-chef-cafe,todo,medium,CAF-01,
CAF-G02,Задача,,cafe,SPACE & BUILD,"CAFE: планировка, дизайн и согласование",2026-10-19,2026-11-17,"u-armen, u-artur",todo,high,,
CAF-04,Подзадача,CAF-G02,cafe,SPACE & BUILD,Планировка кафе,2026-10-19,2026-10-24,u-armen,todo,medium,,
CAF-05,Подзадача,CAF-G02,cafe,SPACE & BUILD,Дизайн кафе,2026-10-24,2026-11-13,u-design,todo,medium,CAF-04,
CAF-05.1,Подзадача,CAF-G02,cafe,SPACE & BUILD,"Бриф дизайнеру CAFE: зал, бар, посадка, акустика рядом с Game Room",2026-10-24,2026-10-27,u-armen,todo,medium,"CAF-01, ART-03",
CAF-05.2,Подзадача,CAF-G02,cafe,SPACE & BUILD,Концепт зала и бара (2 варианта),2026-10-27,2026-11-03,u-design,todo,medium,CAF-05.1,
CAF-05.3,Подзадача,CAF-G02,cafe,SPACE & BUILD,Выбор варианта,2026-11-03,2026-11-04,"u-armen, u-artur",todo,medium,CAF-05.2,
CAF-05.4,Подзадача,CAF-G02,cafe,SPACE & BUILD,"Детальный проект: свет, материалы, мебель, спецификации",2026-11-04,2026-11-13,u-design,todo,medium,CAF-05.3,
CAF-05.5,Подзадача,CAF-G02,cafe,SPACE & BUILD,УТВЕРЖДЕНИЕ ДИЗАЙНА CAFE,2026-11-13,2026-11-13,"u-armen, u-artur",todo,critical,CAF-05.4,да
CAF-06,Подзадача,CAF-G02,cafe,LEGAL & FINANCE,Согласование кафе,2026-11-13,2026-11-17,u-armen,todo,medium,CAF-05,
CAF-G03,Задача,,cafe,SPACE & BUILD,CAFE: демонтаж и ремонт,2026-11-02,2026-12-14,u-armen,todo,high,,
CAF-02,Подзадача,CAF-G03,cafe,SPACE & BUILD,Демонтаж кафе,2026-11-02,2026-11-10,u-armen,todo,medium,BK-02,
CAF-03,Подзадача,CAF-G03,cafe,SPACE & BUILD,Замер кафе,2026-11-11,2026-11-11,u-armen,todo,medium,CAF-02,
CAF-07,Подзадача,CAF-G03,cafe,SPACE & BUILD,Ремонт кафе,2026-11-18,2026-12-14,u-armen,todo,medium,CAF-06,
CAF-07.1,Подзадача,CAF-G03,cafe,SPACE & BUILD,"Черновые работы: вентиляция, электрика, вода, канализация",2026-11-18,2026-12-02,u-armen,todo,critical,CAF-06,да
CAF-07.2,Подзадача,CAF-G03,cafe,SPACE & BUILD,"Чистовая отделка, свет",2026-12-03,2026-12-14,u-armen,todo,critical,CAF-07.1,да
CAF-G04,Задача,,cafe,EQUIPMENT & SUPPLY,CAFE: оборудование и мебель,2026-10-30,2026-12-23,"u-armen, u-artur",todo,high,,
ART-08,Подзадача,CAF-G04,cafe,EQUIPMENT & SUPPLY,Artur: согласование заказа оборудования и мебели CAFE,2026-11-10,2026-11-10,u-artur,todo,critical,CAF-08.2,да
CAF-08,Подзадача,CAF-G04,cafe,EQUIPMENT & SUPPLY,Оборудование и мебель кафе,2026-10-30,2026-12-23,u-armen,todo,medium,CAF-04,
CAF-08.1,Подзадача,CAF-G04,cafe,EQUIPMENT & SUPPLY,Перечень оборудования и мебели по концепту и меню,2026-10-30,2026-11-06,u-armen,todo,medium,CAF-01,
CAF-08.2,Подзадача,CAF-G04,cafe,EQUIPMENT & SUPPLY,"КП от ≥3 поставщиков, сроки поставки",2026-11-06,2026-11-10,u-armen,todo,medium,CAF-08.1,
CAF-08.3,Подзадача,CAF-G04,cafe,EQUIPMENT & SUPPLY,"Выбор, договор, заказ оборудования и мебели (поставка 4–5 нед.)",2026-11-10,2026-11-18,u-armen,todo,critical,"CAF-08.2, ART-08",да
CAF-08.4,Подзадача,CAF-G04,cafe,EQUIPMENT & SUPPLY,"Посуда, бар-инвентарь, текстиль",2026-11-20,2026-12-05,u-armen,todo,medium,CAF-01,
CAF-08.5,Подзадача,CAF-G04,cafe,SPACE & BUILD,Приёмка и монтаж оборудования,2026-12-15,2026-12-23,u-armen,todo,critical,"CAF-08.3, CAF-07.2",да
CAF-G05,Задача,,cafe,PEOPLE & TRAINING,CAFE: команда,2026-10-20,2026-12-22,"u-armen, u-artur",todo,high,,
ART-10,Подзадача,CAF-G05,cafe,PEOPLE & TRAINING,Artur: согласование шеф-повара CAFE (оффер),2026-11-10,2026-11-12,"u-armen, u-artur",todo,critical,CAF-10.2,да
CAF-10,Подзадача,CAF-G05,cafe,PEOPLE & TRAINING,"Персонал: бариста, бармен, официанты",2026-10-20,2026-12-22,u-armen,todo,medium,,
CAF-10.1,Подзадача,CAF-G05,cafe,PEOPLE & TRAINING,"Штатное расписание, ФОТ, график (8–22, выходные до 23:00; смены 10–12 ч, 2/2)",2026-10-20,2026-10-27,u-armen,todo,medium,GEN-62,
CAF-10.2,Подзадача,CAF-G05,cafe,PEOPLE & TRAINING,Поиск шеф-повара — ключевая позиция (сейчас шефа нет),2026-10-20,2026-11-10,u-armen,todo,critical,GEN-62,да
CAF-10.3,Подзадача,CAF-G05,cafe,PEOPLE & TRAINING,"Выбор шефа, оффер, он подключается к разработке меню",2026-11-12,2026-11-15,u-armen,todo,critical,ART-10,да
CAF-10.8,Подзадача,CAF-G05,cafe,PEOPLE & TRAINING,Менеджер CAFE: поиск и найм вместе с шефом,2026-11-10,2026-11-15,u-armen,todo,medium,CAF-10.2,
CAF-10.4,Подзадача,CAF-G05,cafe,PEOPLE & TRAINING,"Су-шеф, бар-менеджер, бармены",2026-11-16,2026-11-30,u-armen,todo,medium,CAF-10.3,
CAF-10.5,Подзадача,CAF-G05,cafe,PEOPLE & TRAINING,"Зал: администратор, официанты, бариста — вакансии и собеседования",2026-11-23,2026-12-08,u-armen,todo,medium,GEN-63,
CAF-10.6,Подзадача,CAF-G05,cafe,PEOPLE & TRAINING,"Офферы, договоры, медкнижки",2026-12-08,2026-12-14,u-armen,todo,medium,"CAF-10.5, GEN-61",
CAF-10.7,Подзадача,CAF-G05,cafe,PEOPLE & TRAINING,Обучение и репетиции зала и кухни,2026-12-14,2026-12-22,u-armen,todo,critical,CAF-10.6,да
CAF-G06,Задача,,cafe,LEGAL & FINANCE,CAFE: техническое открытие (25–28.12) и открытие (15–20.01),2026-12-01,2027-01-20,"u-armen, u-artur, u-karina",todo,high,,
MKT-09,Подзадача,CAF-G06,cafe,BRAND & MARKETING,"Прогрев и открытие CAFE: контент, блогеры, события, тех. открытие и запуск",2026-12-01,2027-01-20,u-karina,todo,high,MKT-02,
ART-15,Подзадача,CAF-G06,cafe,LEGAL & FINANCE,Go/no-go технического открытия CAFE (Armen + Artur),2026-12-24,2026-12-24,"u-armen, u-artur",todo,critical,"CAF-10.7, CAF-08.5",да
ART-16,Подзадача,CAF-G06,cafe,LEGAL & FINANCE,Go/no-go реального открытия CAFE (Armen + Artur),2027-01-14,2027-01-14,"u-armen, u-artur",todo,critical,CAF-14,да
CAF-11,Подзадача,CAF-G06,cafe,LAUNCH & OPS,Техническое открытие кафе (закрытые гости),2026-12-25,2026-12-28,u-armen,todo,high,"CAF-07, CAF-10, CAF-08, ART-15",
CAF-13,Подзадача,CAF-G06,cafe,LEGAL & FINANCE,Устранение замечаний после тех. открытия (праздничные дни 31.12–06.01),2026-12-29,2027-01-09,u-armen,todo,medium,CAF-11,
CAF-14,Подзадача,CAF-G06,cafe,LAUNCH & OPS,Soft launch для приглашённых гостей,2027-01-10,2027-01-14,u-armen,todo,medium,CAF-13,
CAF-12,Подзадача,CAF-G06,cafe,LAUNCH & OPS,🚀 Реальное открытие CAFE,2027-01-15,2027-01-20,u-armen,todo,high,"CAF-14, ART-16",
SD-G01,Задача,,secret,LEGAL & FINANCE,Игровая комната (Secret Door),2026-10-27,2027-01-20,"u-armen, u-karina",todo,medium,,
SD-01,Подзадача,SD-G01,secret,LEGAL & FINANCE,Проверка законности форматов (покер и др.) и правил для гостей,2026-11-02,2026-11-13,u-armen,todo,medium,,
SD-02,Подзадача,SD-G01,secret,LEGAL & FINANCE,"Модель аренды: тариф 30 000 AMD/час, правила брони, договор",2026-11-16,2026-11-30,u-armen,todo,medium,SD-01,
SD-03,Подзадача,SD-G01,secret,SPACE & BUILD,Зонирование и дизайн игровой комнаты (в рамках дизайна CAFE),2026-10-27,2026-11-13,u-design,todo,medium,,
SD-04,Подзадача,SD-G01,secret,EQUIPMENT & SUPPLY,"Мебель и оборудование: столы, стулья, игры, свет, звук",2026-11-06,2026-11-18,u-armen,todo,medium,SD-03,
SD-05,Подзадача,SD-G01,secret,PRODUCT & APP,"Бронирование и оплата аренды: форма или Telegram-бот, календарь",2026-11-23,2026-12-15,u-armen,todo,medium,SD-02,
SD-06,Подзадача,SD-G01,secret,BRAND & MARKETING,"Партнёры и ивенты: клубы покера, мафии, настольных игр; расписание",2026-12-01,2027-01-20,u-karina,todo,medium,SD-02,
SD-07,Подзадача,SD-G01,secret,LAUNCH & OPS,Запуск игровой комнаты вместе с CAFE,2027-01-10,2027-01-20,u-armen,todo,high,"SD-04, SD-05",
